{"-1001072242364":{"mods":{"439862562":"@hghfffj"},"whitelist":{"370967956":"♡نٌےـوُر ☆ مِےـحًےـمِےـد♡","327316413":"@ahmed25555"},"banned":{"423532014":"@Rawanrsel","214565688":"@Ba22ker","271924259":"@djdjdjdjp"},"replay":[],"owners":{"140898686":"@Iiiiiiiiiiiiiiiiiiiiil"},"filterlist":[],"settings":{"time_check":"2","replay":"✔️","lock_woring":"✔️","lock_tag":"✔️","welcome":"✔️","lock_join":"🚫","lock_markdown":"🚫","flood":"✔️","lock_link":"✔️","lock_spam":"✔️","lock_webpage":"✔️","lock_pin":"🚫","num_msg_max":"5","lock_edit":"✔️","set_name":"كُـُروُبـٌـٌٌـٌٌٌـٌٌـٌ شُـُـُُـُبـٌـٌٌـٌٌٌـٌٌـٌآجـ,ـ ❤️آلُـِـِِـِِِـِِـِـقٌـ,ـلُـِـِِـِِِـِِـِـبـٌـٌ","lock_bots":"✔️","lock_mention":"✔️"},"mutes":{"mute_photo":"✔️","mute_contact":"✔️","mute_video":"✔️","mute_audio":"✔️","mute_location":"✔️","mute_forward":"✔️","mute_tgservice":"🚫","mute_gif":"✔️","mute_keyboard":"🚫","mute_voice":"✔️","mute_game":"🚫","mute_inline":"✔️","mute_sticker":"✔️","mute_document":"✔️","mute_text":"🚫"},"is_silent_users":{"214565688":"@Ba22ker"}},"-1001118919116":{"mods":{"315405644":"@zxcon"},"whitelist":[],"banned":{"390494196":"@Yasmin\\_d"},"settings":{"time_check":"2","replay":"✔️","lock_tag":"✔️","welcome":"✔️","lock_join":"🚫","set_char":"40","lock_markdown":"🚫","lock_webpage":"✔️","lock_link":"✔️","lock_spam":"✔️","lock_bots":"✔️","num_msg_max":"5","flood":"✔️","lock_edit":"🚫","set_name":"لـــهــفـــه .........♥","lock_pin":"🚫","lock_mention":"✔️"},"owners":{"371717212":"@Noor79"},"filterlist":[],"pin":1353711616,"setwelcome":"💢| مرحباً عزيزي نورت/ي\n💢| نورت المجموعه \n💢| تابع : @LHfa99","is_silent_users":[],"mutes":{"mute_photo":"✔️","mute_contact":"✔️","mute_sticker":"🚫","mute_audio":"🚫","mute_location":"✔️","mute_forward":"✔️","mute_document":"🚫","mute_gif":"🚫","mute_keyboard":"🚫","mute_tgservice":"🚫","mute_video":"🚫","mute_inline":"🚫","mute_voice":"🚫","mute_game":"🚫","mute_text":"🚫"},"replay":[]},"-1001141759227":{"mods":{"232400604":"@Sd\\_fuck","320134282":"@llYES","133673176":"@S1\\_J7","99071743":"@M\\_iQ\\_S","374142838":"🍁🌹يا حسين 🌹🍁"},"whitelist":{"232400604":"@Sd\\_fuck","128756768":"@Sawa\\_h","309505924":"@asola\\_4"},"banned":{"33665097":"@samer1","440423944":"@lloeo","412764586":"@Zozaio","282713848":"@ntaaaaallttnn","407891540":"@Gdurg","282752568":"@Mkndodn","300627252":"@iC\\_XZ","411444771":"@No\\_noi","422623538":"@Nona222222","430506723":"@SS123456SS","352173730":"@Ammrohc1"},"settings":{"time_check":"2","replay":"✔️","lock_woring":"✔️","lock_tag":"✔️","welcome":"🚫","linkgp":"https://t.me/joinchat/B6ysIEQN3PsXkTMHFRIbFQ","lock_join":"🚫","lock_bots":"✔️","lock_markdown":"🚫","lock_webpage":"✔️","lock_link":"✔️","set_name":"عائلة فولكانية مسالمة •|• حمبي","num_msg_max":"5","flood":"✔️","set_char":"40","lock_edit":"✔️","lock_spam":"✔️","lock_pin":"🚫","lock_mention":"✔️"},"owners":{"128756768":"@Sawa\\_h"},"filterlist":[],"pin":"19948109824","is_silent_users":{},"mutes":{"mute_photo":"✔️","mute_contact":"✔️","mute_sticker":"🚫","mute_audio":"✔️","mute_location":"✔️","mute_forward":"✔️","mute_document":"✔️","mute_gif":"✔️","mute_keyboard":"🚫","mute_tgservice":"🚫","mute_video":"✔️","mute_inline":"✔️","mute_voice":"✔️","mute_game":"✔️","mute_text":"🚫"},"replay":{"براق":"هاي تشلع سنونك😁","🌚":"صخام الجدر😜"}},"-1001133867719":{"mods":[],"whitelist":[],"banned":[],"replay":[],"owners":[],"is_silent_users":[],"filterlist":[],"mutes":{"mute_photo":"🚫","mute_contact":"✔️","mute_sticker":"🚫","mute_audio":"🚫","mute_location":"✔️","mute_forward":"✔️","mute_document":"🚫","mute_gif":"🚫","mute_keyboard":"🚫","mute_tgservice":"🚫","mute_video":"🚫","mute_inline":"🚫","mute_voice":"🚫","mute_game":"🚫","mute_text":"🚫"},"settings":{"lock_pin":"🚫","welcome":"🚫","num_msg_max":"5","lock_join":"🚫","time_check":"2","lock_markdown":"🚫","set_char":"40","lock_link":"✔️","set_name":"مہلَتہقى😃آلَمہجہآنہيہنہ","lock_webpage":"✔️","lock_spam":"✔️","flood":"✔️","lock_edit":"🚫","lock_tag":"🚫","lock_bots":"✔️","lock_mention":"✔️"}},"-1001131537484":{"mods":[],"whitelist":[],"banned":[],"replay":[],"owners":[],"is_silent_users":[],"filterlist":[],"mutes":{"mute_photo":"✔️","mute_contact":"✔️","mute_sticker":"✔️","mute_audio":"✔️","mute_location":"✔️","mute_forward":"✔️","mute_document":"✔️","mute_gif":"✔️","mute_keyboard":"🚫","mute_tgservice":"✔️","mute_video":"✔️","mute_inline":"✔️","mute_voice":"✔️","mute_game":"✔️","mute_text":"🚫"},"settings":{"lock_pin":"✔️","welcome":"🚫","num_msg_max":"5","lock_join":"🚫","time_check":"2","lock_markdown":"🚫","set_char":"40","lock_link":"✔️","set_name":"؏ۤـہٰٰرڪٰྀہٰٰٖجْۧيْۜة ᎗ϛ تَہَٰآيْۜمٰ̲ہ","lock_webpage":"✔️","lock_spam":"✔️","flood":"✔️","lock_edit":"✔️","lock_tag":"✔️","lock_bots":"✔️","lock_mention":"✔️"}},"-1001127305738":{"mods":{"245238318":"@Sarosha97"},"whitelist":[],"banned":{"390717223":"","406807492":"","300688316":"@Sexjoonkonfhhubjj7y3exbot"},"settings":{"time_check":"2","replay":"✔️","lock_woring":"✔️","lock_tag":"🚫","welcome":"✔️","lock_join":"🚫","flood":"✔️","lock_markdown":"🚫","set_char":"40","lock_link":"✔️","lock_spam":"✔️","lock_bots":"✔️","set_name":"طربـ℘ـِﮏهہـهہ💖\u200f ﴾ ֆ","num_msg_max":"5","lock_edit":"🚫","lock_webpage":"✔️","lock_pin":"🚫","lock_mention":"✔️"},"owners":{"448803109":"@Mhadyy10"},"filterlist":[],"pin":"5344591872","is_silent_users":[],"mutes":{"mute_photo":"🚫","mute_contact":"✔️","mute_sticker":"🚫","mute_audio":"🚫","mute_location":"✔️","mute_forward":"✔️","mute_document":"🚫","mute_gif":"🚫","mute_keyboard":"🚫","mute_tgservice":"🚫","mute_video":"🚫","mute_inline":"🚫","mute_voice":"🚫","mute_game":"🚫","mute_text":"🚫"},"replay":[]},"gban_users":{"441000803":"@tota2001o","254203945":"@iq0\\_0","359265489":"@lioii"},"-1001146827745":{"mods":{"151688091":"@jorei1996","205796680":"نہوُنہهّ ضًًأّغًطِِتًهہم","221881999":"@Mahaa99","369502488":"موجوعه","290891666":"🎀بّـنِتُ👑آلَآكآبّـر 🎀👈🌹🌹","200239329":"توته البصراويه","412482660":"ارهہٰٖـابــ℘ـيٰٖهہ صہٰٖـاكہٰٖـهہه 💔","387943673":"@samar\\_ali\\_000","400904249":"@B123hp","307952883":"@noorAdee","328129012":"@Mohameld","393452965":"عاشقة المهدي","449099298":"@Dgvbj","219421101":"@miroo99","350231301":"ᵃجْۧنَِٰہٰٰ̲ھہ آل؏ۤـہٰٰرآقྀ̲ہٰٰٰيِٰہٰ̲ھہ℡̮⇣┆👑😻⇣ۦ","345436433":"@ZZZZ789","198597262":"@A\\_l\\_i\\_1992\\_k","51333226":"@HADEEL199111"},"whitelist":[],"banned":{"337994710":"@Vig67","338853129":"@Zdfgdb","173960950":"@ZoAli","42429828":"@MoStAfA34567","185247092":"@Hassoo97","53557375":"@aliabude123","410491584":"آنيِ آنزُفُ وآنتٍهً تٍعزُفُ","449077075":"@vjjjjjl"},"settings":{"time_check":"2","replay":"✔️","lock_woring":"🚫","lock_tag":"✔️","welcome":"✔️","lock_join":"🚫","flood":"🚫","lock_markdown":"🚫","set_char":"40","lock_link":"✔️","lock_spam":"✔️","lock_bots":"✔️","set_name":": ترآفہعہ 💖💖عہشہكہ💖💖","num_msg_max":"5","lock_edit":"✔️","lock_webpage":"✔️","lock_pin":"🚫","lock_mention":"✔️"},"owners":{"370529292":"@Hmoddddddi"},"filterlist":{"انو":true,"كلمه زاحف":true,"زاحف":true,"المغادره":true,"الهرهر":true,"البطيخ":true,"نوم":true,"بطيخ":true,"البوس":true},"pin":"230053380096","is_silent_users":{"298735879":"@we1ver","341445522":"@GOGAEA91","398559523":"@Hgffguh","322743881":"حسين","321980849":"مجتبى","178884098":"@A\\_6\\_1","329473386":"@THA17","148254127":"@ALMUSEAY","255094212":"حــجـޢޢـيــś ₩👑 جـޢـعـޢޢـفـޢـر😏","418283613":"@m\\_n41","120734134":"@Jsks32","328377817":"@SsOoNH","425731277":"@Vxbgndgfgbfll","198597262":"@A\\_l\\_i\\_1992\\_k","208377456":"@abood2989"},"mutes":{"mute_photo":"🚫","mute_contact":"✔️","mute_sticker":"🚫","mute_audio":"✔️","mute_location":"✔️","mute_forward":"✔️","mute_document":"✔️","mute_gif":"🚫","mute_keyboard":"🚫","mute_tgservice":"✔️","mute_video":"✔️","mute_inline":"✔️","mute_voice":"🚫","mute_game":"🚫","mute_text":"🚫"},"replay":[]},"-1001122228424":{"mods":{"297882538":"@ISTf56","411747122":"@jjjhhh","114379482":"@Alidma","199313257":"@Donea5644","377601381":"👈صہـஅـاگـঔـرتـஅـهم👉","430477663":"@Marey96","360148804":"@XllXll","414385160":"@Iokjk","419890104":"@ff\\_18f","430401708":"@Ao\\_o0A","377897064":"زهوره","259083942":"۾ـيـ๛ᵴـو๓َ๑๑مـٌـهہ🙈👑🎵⇝","158808467":"@haid99er"},"whitelist":{"429954320":"@ali\\_meme97","257416619":"@AMEER9090","150133822":"@Mmshal"},"banned":{"52056894":"@CR7\\_9\\_A","392133070":"@Oskar\\_T","266551857":"امیرحسین","168627689":"فارس","212913679":"@MDRED1","306338207":"@llllmemoll","402915574":"@abdullh2000","337280199":"@Raoan\\_98","296364771":"@AliAlhadrmi","64665718":"@Samaan1990","358085002":"","94220750":"@HusseinJ","104828441":"@karar\\_05","441005135":"@JH\\_131","349920922":"@alwsh21","67823612":"@rza\\_view1","384133622":"@XD\\_2\\_XD","318401830":"@ll\\_i9i","346252071":"@cz\\_11","121511911":"@ssk1998","390826122":"@Hhgvvvvvvy6","164164946":"@Yaseen110","276230196":"@Ei\\_EE","350293432":"Amad","214111678":"@joz\\_LOVE","145921782":"@haider0783","297901410":"@Ka11K","356813912":"@Zrerrr","401913562":"@Bskhjs","130985724":"@SEMO\\_RM","35582634":"@MESSI\\_00","141867208":"@Saed31","300134300":"@Udjdbji","434203617":"@Nono770","429185998":"@CAALVN","357543677":"@jjkkk100","300510412":"@Koka\\_girl"},"settings":{"time_check":"2","replay":"🚫","lock_woring":"🚫","lock_tag":"🚫","welcome":"🚫","lock_join":"🚫","linkgp":"https://t.me/joinchat/Aw9IakLj2MjM3OVQlGTNlw","lock_markdown":"🚫","flood":"✔️","lock_link":"🚫","num_msg_max":"5","lock_bots":"✔️","lock_webpage":"✔️","set_name":"صہٰدفہٰ جہمہعہنا الہٰوكہٰت","lock_edit":"✔️","lock_spam":"✔️","lock_pin":"🚫","lock_mention":"✔️"},"owners":[],"filterlist":[],"pin":"1411246981120","replay":[],"mutes":{"mute_photo":"🚫","mute_contact":"✔️","mute_game":"🚫","mute_audio":"✔️","mute_text":"🚫","mute_forward":"🚫","mute_document":"✔️","mute_gif":"🚫","mute_keyboard":"🚫","mute_tgservice":"🚫","mute_video":"✔️","mute_inline":"✔️","mute_voice":"🚫","mute_sticker":"🚫","mute_location":"✔️"},"is_silent_users":{"310007170":"˙·٠•●♥ℳostafa♥●•٠·˙"}},"-1001124939280":{"mods":[],"whitelist":[],"banned":[],"replay":[],"owners":[],"is_silent_users":[],"filterlist":[],"mutes":{"mute_photo":"✔️","mute_contact":"✔️","mute_video":"✔️","mute_audio":"✔️","mute_text":"🚫","mute_forward":"✔️","mute_tgservice":"🚫","mute_gif":"✔️","mute_keyboard":"🚫","mute_document":"✔️","mute_sticker":"✔️","mute_inline":"✔️","mute_game":"🚫","mute_voice":"✔️","mute_location":"✔️"},"settings":{"set_name":"صۛہٰٰآڪٰྀہٰٰٖيِٰہنَِٰہٰ😻❤️مٰ̲ہوِديِٰہلزَ","lock_bots":"✔️","lock_join":"🚫","time_check":"2","lock_markdown":"🚫","lock_webpage":"✔️","lock_link":"✔️","num_msg_max":"5","flood":"✔️","lock_spam":"✔️","lock_pin":"🚫","lock_edit":"✔️","lock_tag":"✔️","welcome":"🚫","lock_mention":"✔️"}},"-1001092782571":{"mods":{"402802375":"@Eviet"},"whitelist":[],"banned":[],"settings":{"time_check":"2","replay":"✔️","lock_woring":"🚫","lock_tag":"🚫","welcome":"🚫","lock_join":"🚫","flood":"✔️","lock_markdown":"🚫","set_char":"40","lock_link":"✔️","lock_spam":"✔️","lock_bots":"🚫","set_name":"شـكـઢـاكي ➺┇😻💗ء","num_msg_max":"5","lock_edit":"🚫","lock_webpage":"✔️","lock_pin":"🚫","lock_mention":"✔️"},"owners":{"172269046":"@HD\\_FM"},"filterlist":[],"pin":"69599232000","is_silent_users":{"68344971":"❥ⴅꜻⴅ̃̾๑.","357198063":"@Sakori77"},"mutes":{"mute_photo":"✔️","mute_contact":"✔️","mute_sticker":"✔️","mute_audio":"✔️","mute_location":"✔️","mute_forward":"✔️","mute_document":"🚫","mute_gif":"✔️","mute_keyboard":"🚫","mute_tgservice":"🚫","mute_video":"✔️","mute_inline":"🚫","mute_voice":"✔️","mute_game":"🚫","mute_text":"🚫"},"replay":{"روان":"فديتها كلبها طيب😻🌺"}},"groups":{"-1001072242364":"-1001072242364","-1001118919116":"-1001118919116","-1001090133928":"-1001090133928","-1001133867719":"-1001133867719","-1001131537484":"-1001131537484","-1001127305738":"-1001127305738","-1001141759227":"-1001141759227","-1001124939280":"-1001124939280","-1001092782571":"-1001092782571","-1001146827745":"-1001146827745","-1001122228424":"-1001122228424"},"-1001090133928":{"mods":{"449903814":"@kksnu","33691778":"@batolyounis"},"whitelist":[],"banned":{"274163658":"@fuckI69","405622375":"@naubf"},"replay":[],"owners":[],"filterlist":[],"pin":"123127988224","is_silent_users":{},"mutes":{"mute_photo":"🚫","mute_contact":"✔️","mute_sticker":"🚫","mute_audio":"🚫","mute_location":"✔️","mute_forward":"🚫","mute_document":"🚫","mute_gif":"🚫","mute_keyboard":"🚫","mute_tgservice":"🚫","mute_video":"🚫","mute_inline":"🚫","mute_voice":"🚫","mute_game":"🚫","mute_text":"🚫"},"settings":{"time_check":"2","replay":"✔️","lock_tag":"🚫","welcome":"✔️","lock_join":"🚫","set_char":"40","lock_markdown":"🚫","lock_webpage":"✔️","lock_link":"✔️","lock_spam":"🚫","lock_bots":"✔️","num_msg_max":"5","flood":"✔️","lock_edit":"🚫","set_name":"🍇 حہبہآتہ آلتہؤتہ 🍇","lock_pin":"🚫","lock_mention":"✔️"}}}